K,random_accuracy,attention_accuracy,ats_accuracy,attribution_accuracy
0,0.4375,0.4375,0.4375,0.4375
10,0.3645833,0.4479167,0.4375,0.4375
20,0.3125,0.4375,0.4375,0.4270833
30,0.2708333,0.4479167,0.4270833,0.4166667
40,0.2395833,0.4479167,0.4375,0.4270833
50,0.1770833,0.3958333,0.4166667,0.375
60,0.0833333,0.375,0.4270833,0.3541667
70,0.0416667,0.3125,0.3854167,0.34375
80,0.0104167,0.1666667,0.3229167,0.25
90,0.0,0.09375,0.125,0.1145833
100,0.0,0.0104167,0.0,0.0
