K,random_accuracy,attention_accuracy,ats_accuracy,attribution_accuracy
0,0.8229167,0.8229167,0.8229167,0.8229167
10,0.8125,0.8020833,0.75,0.8125
20,0.78125,0.75,0.625,0.78125
30,0.8125,0.6770833,0.5,0.6666667
40,0.7604167,0.6041667,0.4583333,0.5520833
50,0.75,0.5833333,0.3333333,0.5104167
60,0.6354167,0.53125,0.21875,0.4375
70,0.46875,0.3541667,0.1458333,0.2708333
80,0.2083333,0.1666667,0.0729167,0.1041667
90,0.0520833,0.0729167,0.0625,0.0208333
100,0.0,0.1041667,0.0729167,0.0520833
