K,random_accuracy,attention_accuracy,attribution_accuracy
10,0.8775510204081632,0.8775510204081632,0.8571428571428571
20,0.7755102040816326,0.7551020408163265,0.7551020408163265
30,0.673469387755102,0.6122448979591837,0.6122448979591837
40,0.5306122448979592,0.5510204081632653,0.6326530612244898
50,0.4489795918367347,0.5306122448979592,0.4897959183673469
